dept_id,address,半径500m内店铺数(咖啡厅),半径1500m内店铺数(咖啡厅),latitude,longitude,geocode_status,within_nanjing_bounds,normalized_address
1,六合区雄州西路8号欢乐港二期,2,7,32.34181073008831,118.84126660743053,ok,True,南京市六合区雄州西路8号欢乐港二期
2,玄武区中山门大街301号森林摩尔商业街负一层37号,3,11,32.044370153753334,118.87306123265068,ok,True,南京市玄武区中山门大街301号森林摩尔商业街负一层37号
3,高淳区淳溪街道镇北路27-2号,2,5,31.32987258116175,118.87437051293148,ok,False,南京市高淳区淳溪街道镇北路27-2号
4,南京市浦口区公园北路3-8号,1,24,32.0698976121905,118.63959881705149,ok,True,南京市浦口区公园北路3-8号
5,浦口区江浦街道龙华路8号金盛田广场二层,7,23,32.075200167866996,118.64618097101476,ok,True,南京市浦口区江浦街道龙华路8号金盛田广场二层
6,雨花台区雨花街道雨花东路158号紫荆广场·花漫里负一层111、115号铺,3,10,31.99871921206662,118.80051111525668,ok,True,南京市雨花台区雨花街道雨花东路158号紫荆广场·花漫里负一层111、115号铺
7,溧水区通济街12号,4,9,31.661134683910117,119.03654645749755,ok,True,南京市溧水区通济街12号
8,江宁区麒麟街道悦民路128号天赋广场22幢116室,3,3,32.05444453058177,118.93409345645685,ok,True,南京市江宁区麒麟街道悦民路128号天赋广场22幢116室
9,南京市浦口区公园北路3-8号,1,24,32.0698976121905,118.63959881705149,ok,True,南京市浦口区公园北路3-8号
10,雨花台区古雄街道古雄大道211号吾悦广场负一层B1040号,4,5,31.916795169255135,118.65914675342357,ok,True,南京市雨花台区古雄街道古雄大道211号吾悦广场负一层B1040号
11,鼓楼区挹江门街道南京财经大学科技楼A座102-2,3,15,32.09159442956325,118.76592608363087,ok,True,鼓楼区挹江门街道南京财经大学科技楼A座102-2
12,秦淮区淮海路50号-1扬子大厦一层大堂,65,270,32.04358998745236,118.79194002306377,ok,True,南京市秦淮区淮海路50号-1扬子大厦一层大堂
13,江宁区禄口街道南京航空航天大学金城学院行知楼一楼大厅,1,1,31.706964629469844,118.8915060498565,ok,True,江宁区禄口街道南京航空航天大学金城学院行知楼一楼大厅
14,江北新区浦滨路150号中科创新广场5号楼一楼,0,0,32.0785968193686,118.67312726173645,ok,True,南京市江北新区浦滨路150号中科创新广场5号楼一楼
15,江北虹悦城4F-21-2铺位VIP客服中心旁,7,24,32.02869101214606,118.79167295683565,ok,True,南京市江北虹悦城4F-21-2铺位VIP客服中心旁
16,雨花台区西春路1号创智大厦一层106室,7,19,31.974847273998545,118.75522663619317,ok,True,南京市雨花台区西春路1号创智大厦一层106室
17,建邺区双闸路海峡云谷科技园3号楼一层大堂,0,3,31.987044271619084,118.69007711891258,ok,True,南京市建邺区双闸路海峡云谷科技园3号楼一层大堂
18,雨花台区绿都大道绿地广场C2座一层4-13号,2,36,31.97665358834983,118.7972989544141,ok,True,南京市雨花台区绿都大道绿地广场C2座一层4-13号
19,浦口区浦口大道13号新城总部大厦一层大堂,3,18,,,error,False,南京市浦口区浦口大道13号新城总部大厦一层大堂
20,浦口区大桥北路1号华侨广场一层大堂,7,22,32.13436162466506,118.73531192168137,ok,True,南京市浦口区大桥北路1号华侨广场一层大堂
21,建邺区江东中路305号中泰国际大厦一层1-60、61号,27,70,32.006744049751106,118.7338200158904,ok,True,南京市建邺区江东中路305号中泰国际大厦一层1-60、61号
22,玄武区玄武大道699-22号江苏软件园22幢一层大堂,5,15,32.093203255235174,118.89188414664565,ok,True,南京市玄武区玄武大道699-22号江苏软件园22幢一层大堂
23,鼓楼区集慧路18号联创科技大厦B座一层大堂,0,0,32.0396729094055,118.72985561401379,ok,True,南京市鼓楼区集慧路18号联创科技大厦B座一层大堂
24,玄武区中山路100号艾尚天地A座一层大堂,41,293,32.05280915593814,118.79124320747968,ok,True,南京市玄武区中山路100号艾尚天地A座一层大堂
25,栖霞区仙林大学城文澜路6号中建大厦一层大堂,7,40,32.10296617996765,118.92748327536168,ok,True,南京市栖霞区仙林大学城文澜路6号中建大厦一层大堂
26,秦淮区中山南路501号通服大厦一层大堂,16,112,32.02643052324305,118.78755359725855,ok,True,南京市秦淮区中山南路501号通服大厦一层大堂
27,秦淮区中山东路532号金蝶产业园E幢三层青梦家大堂,5,17,32.04470827984389,118.83045873451778,ok,True,南京市秦淮区中山东路532号金蝶产业园E幢三层青梦家大堂
28,秦淮区中山南路189号中住大厦一层大堂,39,269,32.04054952440752,118.79094119716724,ok,True,南京市秦淮区中山南路189号中住大厦一层大堂
29,玄武区中央路 284号金谷创客一层 107 号,8,27,32.091588234951736,118.79079603099683,ok,True,南京市玄武区中央路 284号金谷创客一层 107 号
30,玄武区中央路32号联通大厦一层大堂,14,111,32.0685141892799,118.79103219551538,ok,True,南京市玄武区中央路32号联通大厦一层大堂
31,雨花台区安德门大街50号怡化华东研发运营中心A座一层大堂,8,44,31.978501675188834,118.76856808996628,ok,True,南京市雨花台区安德门大街50号怡化华东研发运营中心A座一层大堂
32,建邺区西城路300号3幢君泰国际大厦3幢一层大堂,5,27,31.983591740700643,118.74045516987876,ok,True,南京市建邺区西城路300号3幢君泰国际大厦3幢一层大堂
33,鼓楼区草场门大街105号江苏教育频道一层大堂,13,40,32.06252632909463,118.74578903850535,ok,True,南京市鼓楼区草场门大街105号江苏教育频道一层大堂
34,建邺区河西45号地块金融城8号楼101室一层东大堂,6,65,31.994491206340008,118.72474560312025,ok,True,南京市建邺区河西45号地块金融城8号楼101室一层东大堂
35,雨花台区软件大道50号南京中兴和泰酒店一层大堂,1,23,31.98162231824623,118.79396049181682,ok,True,雨花台区软件大道50号南京中兴和泰酒店一层大堂
36,建邺区嘉陵江东街99号金融城1号楼一层大堂,10,67,31.994899722336942,118.72603395288267,ok,True,南京市建邺区嘉陵江东街99号金融城1号楼一层大堂
37,秦淮区太平南路305号江苏钟山宾馆集团江苏饭店商务大楼一层大堂,10,201,,,error,False,南京市秦淮区太平南路305号江苏钟山宾馆集团江苏饭店商务大楼一层大堂
38,玄武区黄埔路2号黄埔大厦一层大堂,2,36,32.04828412133868,118.81751729618827,ok,True,南京市玄武区黄埔路2号黄埔大厦一层大堂
39,秦淮区凤游寺52号悦动新门西体育文化产业园15号楼一层106号,4,54,32.02198047792086,118.77645341573286,ok,True,南京市秦淮区凤游寺52号悦动新门西体育文化产业园15号楼一层106号
40,秦淮区洪武路50号金贸大厦一层A2-2号,60,265,32.04531252692646,118.79347370006097,ok,True,南京市秦淮区洪武路50号金贸大厦一层A2-2号
41,建邺区应天大街888号金鹰世界6层F644室,12,52,32.0279567057316,118.74701854925686,ok,True,南京市建邺区应天大街888号金鹰世界6层F644室
42,栖霞区紫东路1号紫东创意园1幢F4栋一层,3,10,32.085457273577745,118.91930528165994,ok,True,南京市栖霞区紫东路1号紫东创意园1幢F4栋一层
43,鼓楼区湖南路1号凤凰广场一层10号,16,65,32.074938416875675,118.78955897447902,ok,True,南京市鼓楼区湖南路1号凤凰广场一层10号
44,玄武区湖景路9号苏宁青创园D栋一层大堂,5,15,32.09675064649749,118.89754490864733,ok,True,南京市玄武区湖景路9号苏宁青创园D栋一层大堂
45,鼓楼区江东北路289号银城广场A座一层大堂,11,41,32.061174083073745,118.7456450401321,ok,True,南京市鼓楼区江东北路289号银城广场A座一层大堂
46,江宁区双龙大道1688号江宁金鹰购物中心负一层AB1-00378室,16,40,31.938144191921122,118.82717731432038,ok,True,南京市江宁区双龙大道1688号江宁金鹰购物中心负一层AB1-00378室
47,玄武区大钟亭路6号电信营业厅一层大堂,14,121,32.0550423626287,118.79413116986372,ok,True,南京市玄武区大钟亭路6号电信营业厅一层大堂
48,雨花台区花神大道17号华博智慧园一层大堂,5,36,31.980315727112696,118.78208426416106,ok,True,南京市雨花台区花神大道17号华博智慧园一层大堂
49,江宁区菲尼克斯路70号总部基地34号楼一层大堂,0,35,31.9379915924396,118.83987935423147,ok,True,南京市江宁区菲尼克斯路70号总部基地34号楼一层大堂
50,玄武区玄武大道699-8号徐庄软件园8幢一层101室,1,14,32.095783419366676,118.88771268534897,ok,True,南京市玄武区玄武大道699-8号徐庄软件园8幢一层101室
51,江宁区胜太路99号1号楼一层103-2单元,9,25,31.951437367234316,118.82599918664404,ok,True,南京市江宁区胜太路99号1号楼一层103-2单元
52,雨花台区文竹路8号凯润大厦3号楼一层102室,5,29,31.98024635413279,118.78460562806646,ok,True,南京市雨花台区文竹路8号凯润大厦3号楼一层102室
53,鼓楼区龙江路28号深业漫埠一层6室,0,3,32.102270862226625,118.74509401953229,ok,True,南京市鼓楼区龙江路28号深业漫埠一层6室
54,鼓楼区湖北路51号南京鼓楼新城吾悦广场负一层中庭,13,75,,,error,False,鼓楼区湖北路51号南京鼓楼新城吾悦广场负一层中庭
55,鼓楼区南昌路40号长江科技园一层大堂,3,30,32.0890116221742,118.78409583968954,ok,True,南京市鼓楼区南昌路40号长江科技园一层大堂
56,秦淮区永智路5号白下高新技术产业园科技创业研发孵化楼5号楼一层,2,5,32.01839005180632,118.88209504201177,ok,True,南京市秦淮区永智路5号白下高新技术产业园科技创业研发孵化楼5号楼一层
57,建邺区白龙江东街22号艺树家工场一层大堂,12,39,31.98974881055588,118.74154355683464,ok,True,南京市建邺区白龙江东街22号艺树家工场一层大堂
58,鼓楼区凤凰东街150号华润苏果一层,8,45,32.05239470332347,118.7575785796794,ok,True,南京市鼓楼区凤凰东街150号华润苏果一层
59,江宁区双龙大道1698号南京景枫L1层10号,19,36,31.936404374129797,118.82563600172637,ok,True,江宁区双龙大道1698号南京景枫L1层10号
60,秦淮区莫愁路329号越界梦幻城67号楼一层,15,157,32.0440224617942,118.77740337380966,ok,True,南京市秦淮区莫愁路329号越界梦幻城67号楼一层
61,江宁区龙眠大道568号生命科技小镇7栋一层,0,10,31.932227020960852,118.89913302295844,ok,True,南京市江宁区龙眠大道568号生命科技小镇7栋一层
62,江宁区胜太西路62号纳科汽车生活广场B楼一层,0,14,31.950244163877503,118.80796669166729,ok,True,南京市江宁区胜太西路62号纳科汽车生活广场B楼一层
63,玄武区玄武大道108号徐庄曼度广场一层,4,12,32.104562415970015,118.89316971166097,ok,True,南京市玄武区玄武大道108号徐庄曼度广场一层
64,鼓楼区行健路16号移动龙江阳光广场一层,11,44,,,error,False,南京市鼓楼区行健路16号移动龙江阳光广场一层
65,鼓楼区汉中路140号南京医科大学南门东侧一层,14,212,32.04880012533408,118.78071255164733,ok,True,鼓楼区汉中路140号南京医科大学南门东侧一层
66,鼓楼区云南北路49号天星翠琅大厦一层,14,84,32.072023001237994,118.78590574563106,ok,True,南京市鼓楼区云南北路49号天星翠琅大厦一层
67,雨花台区软件大道天溯科技园170-1号2栋一层,3,38,31.979699944351562,118.76287076693035,ok,True,南京市雨花台区软件大道天溯科技园170-1号2栋一层
68,鼓楼区虎踞路51号中国移动营业一层大堂,1,60,32.051475127425455,118.76833965087508,ok,True,南京市鼓楼区虎踞路51号中国移动营业一层大堂
69,秦淮区太平南路389号凤凰和睿大厦一层102室,9,180,32.03534794218681,118.79778556650886,ok,True,南京市秦淮区太平南路389号凤凰和睿大厦一层102室
70,江宁区将军大道9号托乐嘉花园108幢一层114室,3,6,,,error,False,南京市江宁区将军大道9号托乐嘉花园108幢一层114室
71,六合区葛关路818-2号美利广场一层124室,3,6,32.248417546969705,118.75564003638888,ok,True,南京市六合区葛关路818-2号美利广场一层124室
72,浦口区江北新区丽景路2号研发大厦A座一层101室,1,11,32.16457404092317,118.7196397244321,ok,True,南京市浦口区江北新区丽景路2号研发大厦A座一层101室
73,鼓楼区南通路118号南京滨江世茂4幢一层01号,2,10,32.08501015946561,118.73923545065732,ok,True,鼓楼区南通路118号南京滨江世茂4幢一层01号
74,秦淮区光华路158号A幢必得科技研发中心一层,0,3,32.025317362715874,118.86885051540322,ok,True,南京市秦淮区光华路158号A幢必得科技研发中心一层
75,雨花台区安德门大街21号江苏科技金融大厦一层,5,31,31.9902365132606,118.77019267548107,ok,True,南京市雨花台区安德门大街21号江苏科技金融大厦一层
76,建邺区水西门大街272号金基广场一层101室,2,33,32.03957052487292,118.76131526110926,ok,True,南京市建邺区水西门大街272号金基广场一层101室
77,建邺区云龙山路98号天盛大厦A幢一层04号,9,48,31.99003400594049,118.73912001839928,ok,True,南京市建邺区云龙山路98号天盛大厦A幢一层04号
78,仙林街道纬地路9号江苏生命科技创新园A1区一层,0,2,32.137543405093076,118.9637771535591,ok,True,南京市仙林街道纬地路9号江苏生命科技创新园A1区一层
79,江北新区星火路9号软件大厦B座一层104室,0,0,32.16876301070217,118.70363659143294,ok,True,南京市江北新区星火路9号软件大厦B座一层104室
80,秦淮区卡子门大街99号复地活力广场一层29号,5,22,31.987648213691653,118.81014660964836,ok,True,南京市秦淮区卡子门大街99号复地活力广场一层29号
81,秦淮区太平南路1号新世纪广场A幢一层大堂,33,233,32.04675101206707,118.80176209550989,ok,True,南京市秦淮区太平南路1号新世纪广场A幢一层大堂
82,秦淮区应天大街388号晨光1865创意园e1栋一层,3,34,32.013227996082605,118.79456972261369,ok,True,南京市秦淮区应天大街388号晨光1865创意园e1栋一层
83,鼓楼区中山北路281号新城市虹桥中心01栋一层01室,6,22,32.08212007865467,118.76982643632466,ok,True,南京市鼓楼区中山北路281号新城市虹桥中心01栋一层01室
84,鼓楼区山西路8号金山大厦A座六层,10,61,,,error,False,南京市鼓楼区山西路8号金山大厦A座六层
85,江宁区科建路29号有志大厦A座一层101室,8,15,31.933497683478386,118.85513374958805,ok,True,南京市江宁区科建路29号有志大厦A座一层101室
86,浦口区江北新区星火路15号智芯科技大厦一层,11,15,32.16270315454747,118.7038394288171,ok,True,南京市浦口区江北新区星火路15号智芯科技大厦一层
87,鼓楼区虎踞关18号-8河海大学一层,5,71,32.06136595084591,118.76602696333964,ok,True,南京市鼓楼区虎踞关18号-8河海大学一层
88,鼓楼区宁海路126号南京师范大学3号门一层,10,68,32.058854424636564,118.7778130011222,ok,True,鼓楼区宁海路126号南京师范大学3号门一层
89,栖霞区文澜路89号南京理工大学紫金学院五食堂一层,0,3,32.13227286342762,118.94076400368229,ok,True,栖霞区文澜路89号南京理工大学紫金学院五食堂一层
90,浦口区学府路8号南京大学金陵学院第一学生餐厅三层教工食堂,1,7,32.1804263792797,118.71550015298102,ok,True,浦口区学府路8号南京大学金陵学院第一学生餐厅三层教工食堂
91,江宁区胜利路89号紫金研发创业中心3幢4号楼一层,5,23,31.953668243275462,118.82082620453427,ok,True,南京市江宁区胜利路89号紫金研发创业中心3幢4号楼一层
92,秦淮区石鼓路107号华威大厦一层,61,234,32.04648512358135,118.78444420256632,ok,True,南京市秦淮区石鼓路107号华威大厦一层
93,栖霞区仙林大学城羊山北路1号南京工业职业技术学院五号食堂二层,0,5,32.12675700212732,118.94568599923257,ok,True,栖霞区仙林大学城羊山北路1号南京工业职业技术学院五号食堂二层
94,栖霞区学海路1号金鹰湖滨天地C馆G层,13,34,32.10886213415223,118.93337849510145,ok,True,南京市栖霞区学海路1号金鹰湖滨天地C馆G层
95,栖霞区仙林街道学津路8号高创中心一层大堂,9,39,32.103002731219775,118.9289571252119,ok,True,南京市栖霞区仙林街道学津路8号高创中心一层大堂
96,秦淮区石杨路116号1幢江苏省住建大厦一层大堂,0,4,32.01229814884172,118.87729728211353,ok,True,南京市秦淮区石杨路116号1幢江苏省住建大厦一层大堂
97,鼓楼区虎踞北路15号南京艺术学院44号楼一层可一书店,8,34,32.06917274252847,118.76193994276089,ok,True,鼓楼区虎踞北路15号南京艺术学院44号楼一层可一书店
98,雨花台区宁双路19号云密城K栋一层,3,39,31.975875979361124,118.75818224098212,ok,True,南京市雨花台区宁双路19号云密城K栋一层
99,鼓楼区大桥南路1号晶典国际大厦底商,4,16,32.092034016467814,118.75989998077829,ok,True,南京市鼓楼区大桥南路1号晶典国际大厦底商
100,栖霞区仙林大道163号南京大学仙林校区诚园5幢底商,1,8,32.12025541386233,118.96053400117644,ok,True,栖霞区仙林大道163号南京大学仙林校区诚园5幢底商
101,建邺区江东中路369号新华传媒广场1号楼一层,8,68,31.99668091023233,118.72611776478675,ok,True,南京市建邺区江东中路369号新华传媒广场1号楼一层
102,鼓楼区中山北路28号江苏商厦底商,11,112,,,error,False,南京市鼓楼区中山北路28号江苏商厦底商
103,玄武区珠江路488号未来城A座底商,18,159,32.0540124885094,118.80502860383581,ok,True,南京市玄武区珠江路488号未来城A座底商
104,秦淮区升州路熙南里街区15A栋一层,41,167,32.03120260891693,118.78796079914622,ok,True,南京市秦淮区升州路熙南里街区15A栋一层
105,建邺区汉中门大街1号金鹰特惠中心五层,4,66,32.046447554814435,118.77016204326318,ok,True,南京市建邺区汉中门大街1号金鹰特惠中心五层
106,鼓楼区华侨路26号底商,39,293,32.05275743553813,118.78817324839933,ok,True,南京市鼓楼区华侨路26号底商
107,玄武区后标营路钟山花园城博雅居会所底商,4,17,32.03569918751167,118.8531576571272,ok,True,南京市玄武区后标营路钟山花园城博雅居会所底商
108,鼓楼区广州路188号苏宁环球大厦一层大堂,26,177,32.05712801122188,118.78140397739834,ok,True,南京市鼓楼区广州路188号苏宁环球大厦一层大堂
109,栖霞区学林路1号南京师范大学仙林校区中北学院一食堂二层,0,17,32.120330719493815,118.91502988641575,ok,True,栖霞区学林路1号南京师范大学仙林校区中北学院一食堂二层
110,江宁区正方中路888号浩鲸科技综合楼一层,0,0,31.845221972447153,118.78465701114163,ok,True,南京市江宁区正方中路888号浩鲸科技综合楼一层
111,江宁区弘景大道3666号中国传媒大学南广学院三食堂一层中超华城超市,0,4,31.89171411801545,118.89763824258982,ok,True,南京市江宁区弘景大道3666号中国传媒大学南广学院三食堂一层中超华城超市
112,江宁区南京禄口国际机场T2航站楼出发大厅二层12号,8,10,31.737768181050928,118.8865813593897,ok,True,江宁区南京禄口国际机场T2航站楼出发大厅二层12号
113,鼓楼区建宁路65号金川科技园20栋一层1号,0,11,32.097338334402494,118.77286279877893,ok,True,南京市鼓楼区建宁路65号金川科技园20栋一层1号
114,玄武区北京东路36号兰园集贸市场一层A区2号,0,60,32.06232077002799,118.80912317018084,ok,True,南京市玄武区北京东路36号兰园集贸市场一层A区2号
115,秦淮区瑞金路街道蓝旗街188号紫荆大厦一层,0,13,32.03240094797317,118.83005755127702,ok,True,南京市秦淮区瑞金路街道蓝旗街188号紫荆大厦一层
116,雨花台区花神大道21号德讯科技大厦一层大堂,4,35,31.979704998044525,118.78258695592444,ok,True,南京市雨花台区花神大道21号德讯科技大厦一层大堂
117,江宁区宏运大道4597号景祥大厦B区底商,1,8,31.97236804164075,118.86505643225127,ok,True,南京市江宁区宏运大道4597号景祥大厦B区底商
118,建邺区西格玛广场新地一期一层大堂,26,77,32.00270733784716,118.7325045373016,ok,True,南京市建邺区西格玛广场新地一期一层大堂
119,鼓楼区水佑岗路6号万谷京东云智慧产业园一层大堂,0,38,32.07470902080553,118.76930200556792,ok,True,南京市鼓楼区水佑岗路6号万谷京东云智慧产业园一层大堂
120,鼓楼区中央路302号垠坤创意中央24号楼底商,10,22,32.09332890410357,118.79156462119116,ok,True,南京市鼓楼区中央路302号垠坤创意中央24号楼底商
121,江宁区竹山路68号江宁万达百货商场一层,0,0,31.95711371562584,118.84986716404416,ok,True,南京市江宁区竹山路68号江宁万达百货商场一层
122,建邺区所街171号悦府15号楼底商,14,50,32.02846601425156,118.75033302709703,ok,True,南京市建邺区所街171号悦府15号楼底商
123,玄武区花园路8号春风泊寓一层,2,13,32.085143850334795,118.83071250582434,ok,True,南京市玄武区花园路8号春风泊寓一层
124,鼓楼区中山路321号南京鼓楼医院新大楼急诊部三层CD区,14,170,32.062502996213254,118.78957855753914,ok,True,鼓楼区中山路321号南京鼓楼医院新大楼急诊部三层CD区
125,玄武区红山路88号常发广场1号楼一层,5,21,32.09209619168746,118.81632650240425,ok,True,南京市玄武区红山路88号常发广场1号楼一层
126,秦淮区永乐路111号万象都荟商业广场底商,1,17,32.00436558597765,118.80318995211799,ok,True,南京市秦淮区永乐路111号万象都荟商业广场底商
127,江宁区东山街道金源路4号绿地之窗商务广场1幢一层110室,15,35,31.974132288580908,118.79851067871651,ok,True,南京市江宁区东山街道金源路4号绿地之窗商务广场1幢一层110室
128,迈皋桥街道经五路1号弘阳家居一层2号门A1070号底商,1,7,32.12107949105984,118.84015172046209,ok,True,南京市迈皋桥街道经五路1号弘阳家居一层2号门A1070号底商
129,秦淮区太平南路450号斯亚财富中心一层大堂,9,175,32.03432197664663,118.79636354888656,ok,True,南京市秦淮区太平南路450号斯亚财富中心一层大堂
130,栖霞区兴智路6号兴智科技园B座一层大堂,1,2,32.14320291351762,118.88553366567342,ok,True,南京市栖霞区兴智路6号兴智科技园B座一层大堂
131,建邺区河西大街71号明基医院门诊楼一层大堂左侧,3,72,31.994035145362467,118.73714635136331,ok,True,南京市建邺区河西大街71号明基医院门诊楼一层大堂左侧
132,栖霞区仙林大道181号万达茂二层,7,12,32.12727080061614,118.99569269070092,ok,True,南京市栖霞区仙林大道181号万达茂二层
133,江宁区东吉大道1号13号楼一层,0,0,31.834399119751982,118.77957718331325,ok,True,南京市江宁区东吉大道1号13号楼一层
134,建邺区奥体大街68号新城科技园国际研发总部园4A一层大堂,4,47,32.00162611497191,118.74870206361312,ok,True,南京市建邺区奥体大街68号新城科技园国际研发总部园4A一层大堂
135,秦淮区中山南路2号东方福来德四层,80,269,32.04687504208386,118.78977447797087,ok,True,南京市秦淮区中山南路2号东方福来德四层
136,浦口区大桥北路48号大洋百货商场一层,10,13,32.14455401014363,118.73023802266937,ok,True,南京市浦口区大桥北路48号大洋百货商场一层
137,建邺区太清路益家生活广场一层,1,4,31.974101964559683,118.70570790427786,ok,True,南京市建邺区太清路益家生活广场一层
138,建邺区嘉陵江东街18号国家广告产业园05栋一层大堂,13,36,31.98851154987539,118.74186308410455,ok,True,南京市建邺区嘉陵江东街18号国家广告产业园05栋一层大堂
139,建邺区白龙江东街8号新城科技园综合体A区三栋一层大堂,10,31,31.98837580236526,118.74536701457676,ok,True,南京市建邺区白龙江东街8号新城科技园综合体A区三栋一层大堂
140,秦淮区正洪街18号东宇大厦一禾广场一层,63,269,32.045292709338774,118.7926893895202,ok,True,南京市秦淮区正洪街18号东宇大厦一禾广场一层
141,栖霞区文澜路99号南京信息职业技术学院第二食堂二层,0,1,,,error,False,栖霞区文澜路99号南京信息职业技术学院第二食堂二层
142,建邺区江东中路222号地铁2号线奥体东站负一层33号,16,70,32.0133359214295,118.73061306521979,ok,True,南京市建邺区江东中路222号地铁2号线奥体东站负一层33号
143,建邺区白龙江东街9号新城基金大厦一层大堂,14,29,31.986470339174502,118.74409573261904,ok,True,南京市建邺区白龙江东街9号新城基金大厦一层大堂
144,栖霞区文苑路3号南京财经大学仙林校区图书馆一层,1,26,32.1147999846995,118.93058970564573,ok,True,栖霞区文苑路3号南京财经大学仙林校区图书馆一层
145,栖霞区文苑路8号东城汇B栋一层,6,29,32.10308952126761,118.91573550539384,ok,True,南京市栖霞区文苑路8号东城汇B栋一层
146,栖霞区文苑路9号南京邮电大学仙林校区图书馆一层G01室,0,22,32.118202107101666,118.93818416008818,ok,True,栖霞区文苑路9号南京邮电大学仙林校区图书馆一层G01室
147,鼓楼区江东街道江东北路319号华彩荟南京店一层,4,34,32.06664934612214,118.74528212470607,ok,True,鼓楼区江东街道江东北路319号华彩荟南京店一层
148,葛关路625号南京科技职业学院第一食堂二层,1,11,32.240742982713336,118.75814882401714,ok,True,葛关路625号南京科技职业学院第一食堂二层
149,浦口区惠达路6号北斗大厦写字楼大堂一层,9,17,32.16809723578309,118.70524653456793,ok,True,南京市浦口区惠达路6号北斗大厦写字楼大堂一层
150,秦淮区御道街29号世纪华联购物中心一层,3,21,32.038918107714316,118.82369754826637,ok,True,南京市秦淮区御道街29号世纪华联购物中心一层
151,栖霞区和燕路348号沃尔玛超市一层,0,6,32.112965837593556,118.8186452085866,ok,True,南京市栖霞区和燕路348号沃尔玛超市一层
152,鼓楼区建宁路8号玉桥商业广场1G012-1号,6,18,32.09740631783182,118.78756213116091,ok,True,南京市鼓楼区建宁路8号玉桥商业广场1G012-1号
153,秦淮区中华路255号华泰证券一层,30,114,32.027557904832626,118.7907938750636,ok,True,南京市秦淮区中华路255号华泰证券一层
154,栖霞区晓庄中心村130号金陵科技学院第一食堂二层,0,2,,,error,False,南京市栖霞区晓庄中心村130号金陵科技学院第一食堂二层
155,玄武区中山东路145号全民健身中心一层104室,50,267,32.048084574521944,118.7973035357722,ok,True,南京市玄武区中山东路145号全民健身中心一层104室
156,浦口区宁六路217号南京信息工程大学西苑第一食堂一层,1,3,,,error,False,浦口区宁六路217号南京信息工程大学西苑第一食堂一层
157,玄武区苏宁大道9号苏宁易购广场负二层C102商铺,7,17,32.09133632039091,118.8978740477862,ok,True,南京市玄武区苏宁大道9号苏宁易购广场负二层C102商铺
158,鼓楼区中山路55号一层,62,295,32.0507029029334,118.78984912715876,ok,True,南京市鼓楼区中山路55号一层
159,栖霞区笃学路南京师范大学仙林校区西区大众书店二层,7,29,32.11107232016998,118.92144576402912,ok,True,栖霞区笃学路南京师范大学仙林校区西区大众书店二层
160,雨花台区英才路2号菁英体育中心一层大堂,2,2,31.945351238388998,118.75083212563837,ok,True,南京市雨花台区英才路2号菁英体育中心一层大堂
161,雨花台区三鸿路6号江苏国家数字出版基地一层大堂,0,0,31.937317914763256,118.64031782078169,ok,True,南京市雨花台区三鸿路6号江苏国家数字出版基地一层大堂
162,浦口区佛寺三宫48号江苏警官学院训练中心一层,0,0,32.09816208518045,118.66287112806793,ok,True,南京市浦口区佛寺三宫48号江苏警官学院训练中心一层
163,江宁区弘景大道1号工程学院生活服务中心一层,2,4,31.928509009302026,118.88784374812289,ok,True,南京市江宁区弘景大道1号工程学院生活服务中心一层
164,江宁区弘景大道99号金陵科技学院北区第一食堂二层,2,12,31.904467592401147,118.90545898019025,ok,True,南京市江宁区弘景大道99号金陵科技学院北区第一食堂二层
165,六合区大厂卸甲甸幸福路8号新办公大楼一层大堂,1,2,32.20747281175262,118.75498220726392,ok,True,南京市六合区大厂卸甲甸幸福路8号新办公大楼一层大堂
166,栖霞区马群街道马群街169号二层E1E2号,1,8,32.05198131995538,118.8944056003816,ok,True,南京市栖霞区马群街道马群街169号二层E1E2号
167,江宁区淳化街道芝行路161号一层,0,0,31.944175879859618,118.93957347938992,ok,True,南京市江宁区淳化街道芝行路161号一层
168,栖霞区科创路1号金港一期配套用房一层,2,3,32.128372999748834,118.91154203561216,ok,True,南京市栖霞区科创路1号金港一期配套用房一层
169,六合区雄州街道龙津路44号紫晶国际购物广场一层,2,7,32.345884533405695,118.84945169774579,ok,True,南京市六合区雄州街道龙津路44号紫晶国际购物广场一层
170,江宁区东南大学路2号东南大学九龙湖校区橘园餐厅一层,0,2,31.889269794719745,118.81960828192386,ok,True,南京市江宁区东南大学路2号东南大学九龙湖校区橘园餐厅一层
171,栖霞区仙林大学城仙林大道100号南京审计大学金审学院学生第四食堂一层,1,25,32.093733992419935,118.92329995643226,ok,True,栖霞区仙林大学城仙林大道100号南京审计大学金审学院学生第四食堂一层
172,浦口区宁六路219号南京信息工程大学东苑食堂三层,1,5,32.21228598545819,118.72652074463853,ok,True,浦口区宁六路219号南京信息工程大学东苑食堂三层
173,江宁区苏源大道19号九龙湖企业园C2栋一层大堂,4,6,31.918130640265733,118.8176815064355,ok,True,南京市江宁区苏源大道19号九龙湖企业园C2栋一层大堂
174,雨花台区长虹路222号德盈国际广场1幢一层,4,19,32.014899523333135,118.77175518808512,ok,True,南京市雨花台区长虹路222号德盈国际广场1幢一层
175,山西路8号金山大厦B座苏宁易购一层底商,10,61,32.074400073329144,118.77845771498673,ok,True,南京市山西路8号金山大厦B座苏宁易购一层底商
176,玄武区玄武大道699-18号先声药业8号楼一层大堂,1,15,32.0951075472123,118.89417805959593,ok,True,南京市玄武区玄武大道699-18号先声药业8号楼一层大堂
177,雨花台区软件大道118号B3栋一层,11,36,,,error,False,南京市雨花台区软件大道118号B3栋一层
178,鼓楼区中山北路281号虹桥新城市广场一层中庭,12,43,32.082734248625236,118.76897726812606,ok,True,南京市鼓楼区中山北路281号虹桥新城市广场一层中庭
179,江宁区江宁大学城龙眠大道629号交通职业技术学院第一食堂一层,0,9,31.91817538805172,118.9228358918058,ok,True,南京市江宁区江宁大学城龙眠大道629号交通职业技术学院第一食堂一层
180,秦淮区中山东路18号南京新百B座一层,71,272,32.04741722189206,118.79165013987571,ok,True,秦淮区中山东路18号南京新百B座一层
181,栖霞区仙林街道学衡路5号水平方美食广场二层S-29商铺,7,36,32.099473020287284,118.92293596303962,ok,True,南京市栖霞区仙林街道学衡路5号水平方美食广场二层S-29商铺
182,江宁区东山街道潭园西路199号二层A-2F-C04,2,17,31.944076987883264,118.85011698280648,ok,True,南京市江宁区东山街道潭园西路199号二层A-2F-C04
183,江宁区淳化街道中国药科大学江宁校区图书馆二层,1,5,31.90772304149415,118.92223088304485,ok,True,南京市江宁区淳化街道中国药科大学江宁校区图书馆二层
184,秦淮区五老村街道洪武北路98号南京图书发行大厦底商,54,275,32.04735050166164,118.793882429068,ok,True,秦淮区五老村街道洪武北路98号南京图书发行大厦底商
185,江宁区佛城东路8号河海大学江宁校区生活组团二三期食堂四层,3,4,31.923603575827148,118.7948822431006,ok,True,南京市江宁区佛城东路8号河海大学江宁校区生活组团二三期食堂四层
186,江宁区淳化街道江苏海事职业技术学院念稼餐厅二层,1,7,31.924348379627663,118.91368727900054,ok,True,南京市江宁区淳化街道江苏海事职业技术学院念稼餐厅二层
187,雨花台区铁心桥街道龙西路310号三江学院主校区5号食堂二层,0,10,31.96380239227237,118.7598607248275,ok,True,南京市雨花台区铁心桥街道龙西路310号三江学院主校区5号食堂二层
188,雨花台区铁心桥街道软件大道109号雨花客厅3号楼一层大堂,13,43,31.981825610009025,118.77238714601138,ok,True,南京市雨花台区铁心桥街道软件大道109号雨花客厅3号楼一层大堂
189,江宁区宏运大道4597号景祥大厦底商,1,8,31.97236804164075,118.86505643225127,ok,True,南京市江宁区宏运大道4597号景祥大厦底商
190,秦淮区永丰大道36号天安数码城2栋一层103,2,4,32.01729363129915,118.87604441541878,ok,True,南京市秦淮区永丰大道36号天安数码城2栋一层103
191,江宁区南京医科大学江宁校区青教公寓南侧一层,2,9,31.838273429148256,118.59499157051198,ok,True,江宁区南京医科大学江宁校区青教公寓南侧一层
192,栖霞区文苑路1号南京师范大学仙林校区北区学生餐厅三层,0,11,32.11209015283739,118.9195002139556,ok,True,栖霞区文苑路1号南京师范大学仙林校区北区学生餐厅三层
193,建邺区江东中路98号万达广场苏宁易购负一层WBB25号,22,70,32.03826798151284,118.7438080053642,ok,True,南京市建邺区江东中路98号万达广场苏宁易购负一层WBB25号
194,溧水区高平大街55号万达广场二层2029铺,1,5,31.632469597260236,119.05371810630409,ok,True,南京市溧水区高平大街55号万达广场二层2029铺
195,秦淮区中山东路532-2号金蝶软件园E栋一层协办空间,6,17,32.04341483934796,118.82999134616094,ok,True,南京市秦淮区中山东路532-2号金蝶软件园E栋一层协办空间
196,江宁区润发路9号南方时代广场一层大堂,0,4,,,error,False,南京市江宁区润发路9号南方时代广场一层大堂
197,江宁区双龙大道1539号21世纪太阳城购物中心负一层,16,30,31.933377175850584,118.83080655841124,ok,True,南京市江宁区双龙大道1539号21世纪太阳城购物中心负一层
198,江宁区弘景大道3601号晓庄学院方山校区大学生服务中心二层,0,4,31.89902899116753,118.9082108492895,ok,True,南京市江宁区弘景大道3601号晓庄学院方山校区大学生服务中心二层
199,栖霞区栖霞大道163号南京大学仙林校区四组团门面房南京大学小移人家营业厅一层,0,6,32.15188177310466,118.94824877502198,ok,True,栖霞区栖霞大道163号南京大学仙林校区四组团门面房南京大学小移人家营业厅一层
200,雨花台区凤信路6号金证南京科技园3号楼一层大堂,3,20,31.978447998118803,118.78536298944192,ok,True,雨花台区凤信路6号金证南京科技园3号楼一层大堂
201,江宁区竹山路68号万达广场苏宁易购店一层,8,14,31.956842969105598,118.84994702340398,ok,True,南京市江宁区竹山路68号万达广场苏宁易购店一层
202,江宁区天元东路388号南京义乌小商品城A区9幢一层12号,4,10,31.944857090220754,118.88386138013605,ok,True,江宁区天元东路388号南京义乌小商品城A区9幢一层12号
203,高淳区凤山西路60号宝龙城市广场一层M-L1-017-2商铺,2,3,31.346772290358047,118.87939284920722,ok,False,南京市高淳区凤山西路60号宝龙城市广场一层M-L1-017-2商铺
204,浦口区浦口大道6号明发财富中心5栋一层104号,0,4,32.06913900795061,118.66595195664496,ok,True,南京市浦口区浦口大道6号明发财富中心5栋一层104号
205,玄武区珠江路239号底商,37,224,32.055822812888515,118.79787557672095,ok,True,南京市玄武区珠江路239号底商
206,栖霞区和悦街5号好邻里生活中心丁家庄店一层,0,2,32.123917182662645,118.85686667074735,ok,True,南京市栖霞区和悦街5号好邻里生活中心丁家庄店一层
207,栖霞区学海路1号金鹰湖滨天地B区四层,13,33,32.10943047504406,118.93322964587844,ok,True,南京市栖霞区学海路1号金鹰湖滨天地B区四层
208,建邺区奥体大街69号南京新城科技园04栋底商,8,57,31.998360780482674,118.74626523025618,ok,True,建邺区奥体大街69号南京新城科技园04栋底商
209,江宁区胜太路8号同曦假日百货负一层BB152,8,27,31.950072895247857,118.81561486477925,ok,True,南京市江宁区胜太路8号同曦假日百货负一层BB152
210,秦淮区淮海路88号苏宁雅悦一层大堂,50,271,32.04308604358715,118.7932340321509,ok,True,南京市秦淮区淮海路88号苏宁雅悦一层大堂
211,浦口区湖滨路2号桃花里商业街05-01-04栋一层106室,0,3,32.20621217432042,118.74233164025856,ok,True,南京市浦口区湖滨路2号桃花里商业街05-01-04栋一层106室
212,鼓楼区集庆门大街270号苏宁睿城慧谷E06一层A01号,6,27,32.038348558848085,118.72949162062112,ok,True,南京市鼓楼区集庆门大街270号苏宁睿城慧谷E06一层A01号
213,栖霞区文苑路9号南京邮电大学仙林校区3号教学楼前,1,5,32.11198647389209,118.93805246850043,ok,True,栖霞区文苑路9号南京邮电大学仙林校区3号教学楼前
214,雨花台区小行路16号万谷移动互联科技园6号楼一层107室,0,12,31.998827843657754,118.76573824794873,ok,True,南京市雨花台区小行路16号万谷移动互联科技园6号楼一层107室
215,浦口区浦珠北路1号万象汇负一层Y117-Y118,9,20,32.13063904773916,118.73689599361767,ok,True,南京市浦口区浦珠北路1号万象汇负一层Y117-Y118
216,栖霞区恒泰路8号汇智科技园B2栋一层,0,0,32.1592482973402,118.90346698772187,ok,True,南京市栖霞区恒泰路8号汇智科技园B2栋一层
217,建邺区云龙山路80号天泽星网大厦一层,6,52,31.996439373217953,118.74542827901254,ok,True,南京市建邺区云龙山路80号天泽星网大厦一层
218,"雨花台区民智路11号喜马拉雅A,B栋一层大堂",17,34,,,error,False,"南京市雨花台区民智路11号喜马拉雅A,B栋一层大堂"
219,鼓楼区集庆门大街272号苏宁慧谷E07一层102室,6,28,32.03815909104004,118.72792740123661,ok,True,南京市鼓楼区集庆门大街272号苏宁慧谷E07一层102室
220,江宁区上元大街327号凤凰创客空间大厦一层105室,5,13,31.958318700193743,118.84480386503716,ok,True,南京市江宁区上元大街327号凤凰创客空间大厦一层105室
221,建邺区庐山路168号新地中心二期E区四层,22,75,32.00363866124834,118.73385262438042,ok,True,南京市建邺区庐山路168号新地中心二期E区四层
222,江宁区清水亭西路51号俊杰科创大厦1层大堂,1,14,31.921933357402175,118.82953285102863,ok,True,南京市江宁区清水亭西路51号俊杰科创大厦1层大堂
223,建邺区江东中路229号欧洲城B座一层大堂,5,40,32.01508559537089,118.7416604263815,ok,True,南京市建邺区江东中路229号欧洲城B座一层大堂
224,建邺区江东中路河西万达中心A座102-2号,18,67,32.03555042495193,118.74447787178299,ok,True,南京市建邺区江东中路河西万达中心A座102-2号
225,浦口区华创路南京软件园腾飞大厦4号楼一层103号,7,9,32.04439517466815,118.64925227755337,ok,True,浦口区华创路南京软件园腾飞大厦4号楼一层103号
226,秦淮区龙蟠中路216号金城大厦A区一层大堂,2,81,32.04279030237403,118.81099308293041,ok,True,南京市秦淮区龙蟠中路216号金城大厦A区一层大堂
227,秦淮区菱角市66号南京国家领军人才创业园07栋二层,11,85,32.03250999841362,118.77613227151303,ok,True,秦淮区菱角市66号南京国家领军人才创业园07栋二层
228,玄武区友谊河路100号品硕广场一层S05号,1,5,32.02617176916821,118.85912941249644,ok,True,南京市玄武区友谊河路100号品硕广场一层S05号
229,建邺区梦都大街150号建筑师工社一层大堂,3,36,32.01841194181209,118.73353453439934,ok,True,南京市建邺区梦都大街150号建筑师工社一层大堂
230,玄武区珠江路88号新世界中心一层102室,36,257,32.05575724645049,118.7946294599301,ok,True,南京市玄武区珠江路88号新世界中心一层102室
231,秦淮区石鼓路42号建华大厦一层大堂,81,259,32.04564628811896,118.78848999092216,ok,True,南京市秦淮区石鼓路42号建华大厦一层大堂
232,秦淮区健康路3号水平方负一层15A号,23,127,32.02957362604877,118.79346929836397,ok,True,南京市秦淮区健康路3号水平方负一层15A号
233,玄武区龙蟠路155号-9紫金联合立方广场5幢一层,1,21,32.08574392716983,118.8137247401557,ok,True,南京市玄武区龙蟠路155号-9紫金联合立方广场5幢一层
234,鼓楼区建宁路300号大观·天地MALL一层,0,11,32.09866266382163,118.75011958970785,ok,True,南京市鼓楼区建宁路300号大观·天地MALL一层
235,建邺区江东中路98号建邺万达百货商场一层1378号,19,70,32.03834970667285,118.74284502185749,ok,True,南京市建邺区江东中路98号建邺万达百货商场一层1378号
236,秦淮区洪武路359号福鑫国际大厦一层104-1室,12,204,32.03608394880282,118.79328568471773,ok,True,南京市秦淮区洪武路359号福鑫国际大厦一层104-1室
237,秦淮区永丰大道36号天安数码城2栋一层102、103单元,2,4,32.01729363129915,118.87604441541878,ok,True,南京市秦淮区永丰大道36号天安数码城2栋一层102、103单元
238,江宁区秣周东路12号悠谷1期3号楼协同大楼未来网络小镇一层大堂,10,10,31.874597726297733,118.83411780235157,ok,True,南京市江宁区秣周东路12号悠谷1期3号楼协同大楼未来网络小镇一层大堂
239,玄武区石婆婆庵杨将军巷9号曼度文化广场一层南13-13A,35,219,32.05209669717989,118.79981708441966,ok,True,南京市玄武区石婆婆庵杨将军巷9号曼度文化广场一层南13-13A
240,雨花台区雨花街道雨花东路158号紫荆广场·花漫里负一层111、115号铺,3,10,31.99871921206662,118.80051111525668,ok,True,南京市雨花台区雨花街道雨花东路158号紫荆广场·花漫里负一层111、115号铺
241,鼓楼区凤凰街道新城市广场三层,12,43,32.06183735630207,118.74776944283265,ok,True,南京市鼓楼区凤凰街道新城市广场三层
242,浦口区江浦街道龙华路8号金盛田广场二层,7,23,32.075200167866996,118.64618097101476,ok,True,南京市浦口区江浦街道龙华路8号金盛田广场二层
243,江宁区天元东路388号义乌小商品城A区6栋106室,4,10,31.944778344922973,118.88493997556188,ok,True,南京市江宁区天元东路388号义乌小商品城A区6栋106室
244,溧水区通济街12号,4,9,31.661134683910117,119.03654645749755,ok,True,南京市溧水区通济街12号
245,江宁区麒麟街道悦民路128号天赋广场22幢116室,3,3,32.05444453058177,118.93409345645685,ok,True,南京市江宁区麒麟街道悦民路128号天赋广场22幢116室
246,溧水区经济开发区创业路89号,1,1,31.722050297185575,118.98636010492721,ok,True,南京市溧水区经济开发区创业路89号
247,浦口区珠江镇凤凰大街107室,4,13,32.06373144512113,118.6323967424558,ok,True,南京市浦口区珠江镇凤凰大街107室
248,南京市高淳区淳溪街道镇北路27-2号,2,5,31.32987258116175,118.87437051293148,ok,False,南京市高淳区淳溪街道镇北路27-2号
249,江宁区高新园龙眠大道660号新一商业广场5幢114号,1,11,31.919199064275638,118.910321058763,ok,True,南京市江宁区高新园龙眠大道660号新一商业广场5幢114号
250,南京市浦口区公园北路3-8号,1,24,32.0698976121905,118.63959881705149,ok,True,南京市浦口区公园北路3-8号
251,江宁区经贸学院路8号保利樾广场1栋102室商场外一层店铺,1,11,31.939133554341296,118.89433822746837,ok,True,南京市江宁区经贸学院路8号保利樾广场1栋102室商场外一层店铺
252,玄武区中山门大街301号森林摩尔商业街负一楼37号,3,11,32.044370153753334,118.87306123265068,ok,True,南京市玄武区中山门大街301号森林摩尔商业街负一楼37号
253,江宁区禄口街道航金大道金城商业街5-013号底商,1,1,31.707277973096758,118.88820001608815,ok,True,南京市江宁区禄口街道航金大道金城商业街5-013号底商
254,江北新区浦滨路150号中科创新广场5栋一层大堂,0,0,32.0785968193686,118.67312726173645,ok,True,南京市江北新区浦滨路150号中科创新广场5栋一层大堂
255,玄武区钟山风景区紫岚里游客中心旁,0,2,32.06929138716847,118.85940636008516,ok,True,南京市玄武区钟山风景区紫岚里游客中心旁
256,雨花台区安德门大街52号A栋超级物种内,8,42,31.976335500750274,118.76872044258076,ok,True,南京市雨花台区安德门大街52号A栋超级物种内
257,建邺区江东中路329号金奥国际中心负一层145-2室,26,69,32.00464101360387,118.73216695409094,ok,True,南京市建邺区江东中路329号金奥国际中心负一层145-2室
258,鼓楼区中山北路6号绿地购物中心B1M层,0,0,32.06744224191819,118.7903181324655,ok,True,南京市鼓楼区中山北路6号绿地购物中心B1M层
259,秦淮区汉中路27号友谊广场BF层05号,38,230,32.04760804760108,118.78780557195411,ok,True,南京市秦淮区汉中路27号友谊广场BF层05号
260,秦淮区中山南路18号南京国际贸易中心一层,66,275,32.03185967321475,118.78894722842674,ok,True,秦淮区中山南路18号南京国际贸易中心一层
